words,time
18,0.000073
26,0.000082
36,0.000101
44,0.000134
29858,0.177020
42159, 1.487007
245366,14.596218